<?xml version="1.0" encoding="UTF-8"?>
<!DOCTYPE fontscolors PUBLIC "-//NetBeans//DTD Editor Fonts and Colors settings 1.1//EN" "http://www.netbeans.org/dtds/EditorFontsColors-1_1.dtd">
<fontscolors>
    <fontcolor foreColor="white" name="identifier"/>
    <fontcolor default="field" name="markup-attribute"/>
    <fontcolor default="identifier" foreColor="ffa6e22e" name="method"/>
    <fontcolor foreColor="ffe6db74" name="string"/>
    <fontcolor default="keyword" name="markup-element"/>
    <fontcolor default="string" name="markup-attribute-value"/>
    <fontcolor name="error" waveUnderlined="red"/>
    <fontcolor default="default" foreColor="black" name="entity-reference">
        <font style="bold"/>
    </fontcolor>
    <fontcolor name="separator"/>
    <fontcolor foreColor="ffff3f4f" name="operator"/>
    <fontcolor name="url" underline="blue"/>
    <fontcolor foreColor="ffe373ce" name="number"/>
    <fontcolor bgColor="ff17171d" foreColor="fff8f8f2" name="default">
        <font name="JetBrains Mono" size="14" style="plain"/>
    </fontcolor>
    <fontcolor default="identifier" foreColor="ff009900" name="field"/>
    <fontcolor foreColor="ffae81ff" name="char"/>
    <fontcolor name="warning" waveUnderlined="yellow"/>
    <fontcolor foreColor="ff5c6370" name="comment">
        <font style="italic"/>
    </fontcolor>
    <fontcolor foreColor="ff66d9ef" name="keyword">
        <font style="italic"/>
    </fontcolor>
    <fontcolor foreColor="black" name="whitespace"/>
</fontscolors>
