<?xml version="1.0" encoding="UTF-8"?>
<!DOCTYPE fontscolors PUBLIC "-//NetBeans//DTD Editor Fonts and Colors settings 1.1//EN" "http://www.netbeans.org/dtds/EditorFontsColors-1_1.dtd">
<fontscolors>
    <fontcolor default="Number" foreColor="ffe373ce" name="ASM_NUMBER"/>
    <fontcolor default="Id" name="ASM_UNKWN_ID"/>
    <fontcolor default="Imm operand" foreColor="gray" name="ASM_IMM_OP"/>
    <fontcolor default="Register" foreColor="ff009be1" name="ASM_REGISTER"/>
    <fontcolor default="Instruction" foreColor="fff92672" name="ASM_INSTRUCTION">
        <font style="bold"/>
    </fontcolor>
    <fontcolor default="Label" foreColor="ffa6e22e" name="ASM_LABEL_INST">
        <font style="bold"/>
    </fontcolor>
    <fontcolor default="Directive" foreColor="ffff3f4f" name="ASM_DIRECTIVE">
        <font style="italic"/>
    </fontcolor>
    <fontcolor default="Label" foreColor="ffa6e22e" name="ASM_LABEL">
        <font style="bold"/>
    </fontcolor>
    <fontcolor default="Comment" foreColor="ff5c6370" name="ASM_COMMENT">
        <font style="italic"/>
    </fontcolor>
    <fontcolor default="String" foreColor="ffffd945" name="ASM_STRING"/>
    <fontcolor default="Character" foreColor="ffae81ff" name="ASM_CHARACTER"/>
</fontscolors>
